SERIAL NO,NAME,CATEGORY,DESCRIPTION & COLOR,FABRIC,IMAGE,SIZE,PRICE,PRODUCT ID,WEBSITE,PRODUCT URL
1,Sports52 wear Charcoal Grey & White Striped Track Pants,track-pants,"Sports52 Wear Charcoal Grey & White Striped Track Pants,  Sports52 Wear, Track Pants, Bottomwear, Apparel, Apparel for Men, Buy Sports52 Wear Charcoal Grey & White Striped Track Pants Online in India, Buy Track Pants at best price",Blended,"https://assets.myntassets.com/h_1440,q_100,w_1080/v1/assets/images/1812077/2017/4/18/11492511515671-Sports52-wear-Charcoal-Grey--White-Striped-Track-Pants-6071492511515395-1.jpg",The model (height 6') is wearing a size M, 717,1812077,Myntra,https://www.myntra.com/track-pants/sports52-wear/sports52-wear-charcoal-grey--white-striped-track-pants/1812077/buy
2,WILD WEST Men Blue & Grey Solid Tracksuit,track-pants,"WILD WEST Men Blue & Grey Solid Tracksuit,  WILD WEST, Tracksuits, Bottomwear, Apparel, Apparel for Men, Buy WILD WEST Men Blue & Grey Solid Tracksuit Online in India, Buy Tracksuits at best price",,"https://assets.myntassets.com/h_1440,q_100,w_1080/v1/assets/images/productimage/2019/1/21/506eb715-6201-4383-8091-1ff7cf12e5c21548048433222-1.jpg",, 1359,8571201,Myntra,https://www.myntra.com/tracksuits/wild-west/wild-west-men-blue--grey-solid-tracksuit/8571201/buy
3,HRX by Hrithik Roshan Men Navy Blue Solid Active Athleisure Joggers,track-pants,"HRX By Hrithik Roshan Men Navy Blue Solid Active Athleisure Joggers,  HRX By Hrithik Roshan, Track Pants, Bottomwear, Apparel, Apparel for Men, Buy HRX By Hrithik Roshan Men Navy Blue Solid Active Athleisure Joggers Online in India, Buy Track Pants at best price","60% cotton, 40% polyester","https://assets.myntassets.com/h_1440,q_100,w_1080/v1/assets/images/7224479/2019/2/4/da58fdb6-5b6c-45f5-b9ab-5c6d2f7a1b7b1549281259165-HRX-by-Hrithik-Roshan-Men-Navy-Active-Athleisure-Joggers-882-1.jpg",The model (height 6') is wearing a size M, 749,7224479,Myntra,https://www.myntra.com/track-pants/hrx-by-hrithik-roshan/hrx-by-hrithik-roshan-men-navy-blue-solid-active-athleisure-joggers/7224479/buy
4,Rodamo Men Grey Slim Fit Track Pants,track-pants,"Rodamo Men Grey Slim Fit Track Pants,  Rodamo, Track Pants, Bottomwear, Apparel, Apparel for Men, Buy Rodamo Men Grey Slim Fit Track Pants Online in India, Buy Track Pants at best price",,"https://assets.myntassets.com/h_1440,q_100,w_1080/v1/assets/images/2434808/2018/2/14/11518594588830-na-7381518594588654-1.jpg",Slim fit, 749,2434808,Myntra,https://www.myntra.com/track-pants/rodamo/rodamo-men-grey-slim-fit-track-pants/2434808/buy
5,Rigo Men Black Joggers,track-pants,"Rigo Men Black Joggers,  Rigo, Track Pants, Bottomwear, Apparel, Apparel for Men, Buy Rigo Men Black Joggers Online in India, Buy Track Pants at best price",,"https://assets.myntassets.com/h_1440,q_100,w_1080/v1/assets/images/7502554/2018/10/4/be8f4eb1-e351-4298-8f08-2b946a96d9c31538635773559-Rigo-Men-Black-Joggers-5441538635773312-1.jpg",The model (height 6') is wearing a size M, 649,7502554,Myntra,https://www.myntra.com/track-pants/rigo/rigo-men-black-joggers/7502554/buy
6,Nike Men Black AS M NK DRY Solid Training Track Pants,track-pants,"Nike Men Black AS M NK DRY Solid Training Track Pants,  Nike, Track Pants, Bottomwear, Apparel, Apparel for Men, Buy Nike Men Black AS M NK DRY Solid Training Track Pants Online in India, Buy Track Pants at best price",100% polyester,"https://assets.myntassets.com/h_1440,q_100,w_1080/v1/assets/images/6814150/2018/7/16/a002fa9b-3fec-4870-81d7-4339fe6884351531720602048-Nike-Men-Black-AS-M-NK-DRY-Solid-Training-Track-Pants-349153-1.jpg",Mid-rise, 1916,6814150,Myntra,https://www.myntra.com/track-pants/nike/nike-men-black-as-m-nk-dry-solid-training-track-pants/6814150/buy
7,Harvard Men Grey Printed Regular Fit Chino Shorts,track-pants,"Harvard Men Grey Printed Regular Fit Chino Shorts,  Harvard, Shorts, Bottomwear, Apparel, Apparel for Men, Buy Harvard Men Grey Printed Regular Fit Chino Shorts Online in India, Buy Shorts at best price",Cotton ,"https://assets.myntassets.com/h_1440,q_100,w_1080/v1/assets/images/1874587/2017/6/14/11497430528640-Harvard-Men-Grey-Printed-Regular-Fit-Chino-Shorts-4811497430528369-1.jpg",Regular Fit , 749,1874587,Myntra,https://www.myntra.com/shorts/harvard/harvard-men-grey-printed-regular-fit-chino-shorts/1874587/buy
8,HRX by Hrithik Roshan Men Grey Athleisure Track pants,track-pants,"HRX By Hrithik Roshan Men Grey Athleisure Track Pants,  HRX By Hrithik Roshan, Track Pants, Bottomwear, Apparel, Apparel for Men, Buy HRX By Hrithik Roshan Men Grey Athleisure Track Pants Online in India, Buy Track Pants at best price","Fabric: 60% Cotton, 40% Poly, Single Dyed French Terry - 270 GSM","https://assets.myntassets.com/h_1440,q_100,w_1080/v1/assets/images/7115545/2018/12/19/845f7d22-b242-4876-bfd1-4f59d9915b141545208971512-HRX-by-Hrithik-Roshan-Men-Track-Pants-8841545208970464-1.jpg",The model (height 6') is wearing a size M, 749,7115545,Myntra,https://www.myntra.com/track-pants/hrx-by-hrithik-roshan/hrx-by-hrithik-roshan-men-grey-athleisure-track-pants/7115545/buy
9,ESPRIT Men Beige Solid Slim Fit Shorts,track-pants,"ESPRIT Men Beige Solid Slim Fit Shorts,  ESPRIT, Shorts, Bottomwear, Apparel, Apparel for Men, Buy ESPRIT Men Beige Solid Slim Fit Shorts Online in India, Buy Shorts at best price","82% polyester, 18% elastromultiester","https://assets.myntassets.com/h_1440,q_100,w_1080/v1/assets/images/8412877/2019/1/16/b6b2d53d-573c-4d19-af1d-9f02c3bc90ca1547620325402-ESPRIT-Men-Shorts-731547620324418-1.jpg",Slim Fit, 3999,8412877,Myntra,https://www.myntra.com/shorts/esprit/esprit-men-beige-solid-slim-fit-shorts/8412877/buy
10,Puma Men Grey Solid Elevated ESS Slim Sports Shorts,track-pants,"Puma Men Grey Solid Elevated ESS Slim Sports Shorts,  Puma, Shorts, Bottomwear, Apparel, Apparel for Men, Buy Puma Men Grey Solid Elevated ESS Slim Sports Shorts Online in India, Buy Shorts at best price","70% cotton, 30% polyester","https://assets.myntassets.com/h_1440,q_100,w_1080/v1/assets/images/7141270/2018/8/29/b180624d-2d7c-4a1a-9c04-97766247943a1535526509585-Puma-Men-Grey-Solid-Elevated-ESS-Slim-Sports-Shorts-6391535526509420-1.jpg",The model (height 6') is wearing a size 32, 989,7141270,Myntra,https://www.myntra.com/shorts/puma/puma-men-grey-solid-elevated-ess-slim-sports-shorts/7141270/buy
11,People Black Track Pants,track-pants,"People Black Track Pants,  People, Track Pants, Bottomwear, Apparel, Apparel for Men, Buy People Black Track Pants Online in India, Buy Track Pants at best price",Cotton,"https://assets.myntassets.com/h_1440,q_100,w_1080/v1/assets/images/2118407/2017/9/12/11505203183174-People-Men-Track-Pants-8581505203182995-1.jpg",The model (height 6') is wearing a size M, 789,2118407,Myntra,https://www.myntra.com/track-pants/people/people-black-track-pants/2118407/buy
12,Playboy Men Black Slim Fit Joggers,track-pants,"Playboy Men Black Slim Fit Joggers,  Playboy, Track Pants, Bottomwear, Apparel, Apparel for Men, Buy Playboy Men Black Slim Fit Joggers Online in India, Buy Track Pants at best price",100% cotton,"https://assets.myntassets.com/h_1440,q_100,w_1080/v1/assets/images/7464290/2018/11/15/1a5b017c-a2c5-4232-a1fa-35445f14e0fc1542276416798-Playboy-Men-Black-Slim-Fit-Joggers-4851542276416638-1.jpg",Slim fit, 749,7464290,Myntra,https://www.myntra.com/track-pants/playboy/playboy-men-black-slim-fit-joggers/7464290/buy
13,United Colors of Benetton Men Blue Solid Regular Fit Shorts,track-pants,"United Colors Of Benetton Men Blue Solid Regular Fit Shorts,  United Colors Of Benetton, Shorts, Bottomwear, Apparel, Apparel for Men, Buy United Colors Of Benetton Men Blue Solid Regular Fit Shorts Online in India, Buy Shorts at best price","60% cotton, 40% polyester","https://assets.myntassets.com/h_1440,q_100,w_1080/v1/assets/images/2451376/2018/3/19/11521441670598-United-Colors-of-Benetton-Men-Blue-Solid-Regular-Fit-Shorts-7081521441670461-1.jpg",Regular fit, 699,2451376,Myntra,https://www.myntra.com/shorts/united-colors-of-benetton/united-colors-of-benetton-men-blue-solid-regular-fit-shorts/2451376/buy
14,ether Men Navy Blue Solid Regular Fit Regular Shorts,track-pants,"Ether Men Navy Blue Solid Regular Fit Regular Shorts,  Ether, Shorts, Bottomwear, Apparel, Apparel for Men, Buy Ether Men Navy Blue Solid Regular Fit Regular Shorts Online in India, Buy Shorts at best price",100% cotton,"https://assets.myntassets.com/h_1440,q_100,w_1080/v1/assets/images/6675050/2018/8/7/e5e703dd-8b7b-455c-8fb0-0de0a443508c1533623462370-ether-Men-Shorts-8571533623462204-1.jpg",Regular Fit, 449,6675050,Myntra,https://www.myntra.com/shorts/ether/ether-men-navy-blue-solid-regular-fit-regular-shorts/6675050/buy
15,2GO Men Black Training Track Pants,track-pants,"2GO Men Black Training Track Pants,  2GO, Track Pants, Bottomwear, Apparel, Apparel for Men, Buy 2GO Men Black Training Track Pants Online in India, Buy Track Pants at best price","65% cotton, 35% polyester","https://assets.myntassets.com/h_1440,q_100,w_1080/v1/assets/images/2384986/2018/2/1/11517481843915-2GO-Men-Black-Training-Track-Pant-161517481843815-1.jpg",The model (height 6') is wearing a size M, 959,2384986,Myntra,https://www.myntra.com/track-pants/2go/2go-men-black-training-track-pants/2384986/buy
16,Tinted Grey Cotton Joggers,track-pants,"Tinted Grey Cotton Joggers,  Tinted, Track Pants, Bottomwear, Apparel, Apparel for Men, Buy Tinted Grey Cotton Joggers Online in India, Buy Track Pants at best price",Cotton,"https://assets.myntassets.com/h_1440,q_100,w_1080/v1/assets/images/2310903/2017/12/6/11512557119233-Tinted-Grey-Cotton-Joggers-3371512557119084-1.jpg",The model (height 5'8'') is wearing a size M, 597,2310903,Myntra,https://www.myntra.com/track-pants/tinted/tinted-grey-cotton-joggers/2310903/buy
17,Proline Active Men Navy Hybrid Denim Joggers,track-pants,"Proline Active Men Navy Hybrid Denim Joggers,  Proline Active, Track Pants, Bottomwear, Apparel, Apparel for Men, Buy Proline Active Men Navy Hybrid Denim Joggers Online in India, Buy Track Pants at best price",100% cotton,"https://assets.myntassets.com/h_1440,q_100,w_1080/v1/assets/images/2366801/2018/1/9/11515490966473-Proline-Active-Men-Track-Pants-3441515490966367-1.jpg",The model (height 6') is wearing a size M, 599,2366801,Myntra,https://www.myntra.com/track-pants/proline-active/proline-active-men-navy-hybrid-denim-joggers/2366801/buy
18,GAP Men White Fleece Stencil Sweatpants,track-pants,"GAP Men White Fleece Stencil Sweatpants,  GAP, Track Pants, Bottomwear, Apparel, Apparel for Men, Buy GAP Men White Fleece Stencil Sweatpants Online in India, Buy Track Pants at best price","77% cotton, 23% polyester","https://assets.myntassets.com/h_1440,q_100,w_1080/v1/assets/images/7227099/2019/1/30/7df7791c-a8d9-4f20-bae3-9d4a628104651548833138071-GAP-Men-White-Fleece-Stencil-Sweatpants-271548833136514-1.jpg",The model (height 6') is wearing a size M, 1959,7227099,Myntra,https://www.myntra.com/track-pants/gap/gap-men-white-fleece-stencil-sweatpants/7227099/buy
19,Fort Collins Men Grey Self-Design Track Pants,track-pants,"Fort Collins Men Grey Self Design Track Pants,  Fort Collins, Track Pants, Bottomwear, Apparel, Apparel for Men, Buy Fort Collins Men Grey Self Design Track Pants Online in India, Buy Track Pants at best price",Cotton blend,"https://assets.myntassets.com/h_1440,q_100,w_1080/v1/assets/images/6941623/2018/9/7/103b53c6-9dc4-403c-bfaa-177617d0319d1536298789080-Fort-Collins-Mens-Trackpants-2571536298788698-1.jpg",Mid-rise, 627,6941623,Myntra,https://www.myntra.com/track-pants/fort-collins/fort-collins-men-grey-self-design-track-pants/6941623/buy
20,Fitz Polyester Cotton Track Pants For Men,track-pants,"Fitz Polyester Cotton Track Pants For Men,  Crocodile, Track Pants, Bottomwear, Apparel, Apparel for Men, Buy Fitz Polyester Cotton Track Pants For Men Online in India, Buy Track Pants at best price",,"https://assets.myntassets.com/h_1440,q_100,w_1080/v1/assets/images/6991790/2018/7/23/07c7cf40-c216-4f6e-aa55-1c82ecac979a1532323127215-na-5361532323127024-1.jpg",, 538,6991790,Myntra,https://www.myntra.com/track-pants/crocodile/fitz-polyester-cotton-track-pants-for-men/6991790/buy
21,Puma Men Navy Blue Solid Regular Fit Graphic Sports Shorts,track-pants,"Puma Men Navy Blue Solid Regular Fit Graphic Sports Shorts,  Puma, Shorts, Bottomwear, Apparel, Apparel for Men, Buy Puma Men Navy Blue Solid Regular Fit Graphic Sports Shorts Online in India, Buy Shorts at best price","70% cotton, 30% polyester","https://assets.myntassets.com/h_1440,q_100,w_1080/v1/assets/images/8160829/2018/12/19/3a87ea01-eb13-43ee-af4d-4372fedc94351545222028251-Puma-Men-Shorts-381545222027275-1.jpg",Regular Fit, 1049,8160829,Myntra,https://www.myntra.com/shorts/puma/puma-men-navy-blue-solid-regular-fit-graphic-sports-shorts/8160829/buy
22,U.S. Polo Assn. Men Khaki Solid Slim Fit Chino Shorts,track-pants,"U.S. Polo Assn. Men Khaki Solid Slim Fit Chino Shorts,  U.S. Polo Assn., Shorts, Bottomwear, Apparel, Apparel for Men, Buy U.S. Polo Assn. Men Khaki Solid Slim Fit Chino Shorts Online in India, Buy Shorts at best price",100% cotton ,"https://assets.myntassets.com/h_1440,q_100,w_1080/v1/assets/images/1807602/2017/4/4/11491307298793-US-Polo-Assn-Men-Khaki-Solid-Slim-Fit-Regular-5141491307298556-1.jpg",Slim fit , 899,1807602,Myntra,https://www.myntra.com/shorts/us-polo-assn/us-polo-assn-men-khaki-solid-slim-fit-chino-shorts/1807602/buy
23,Proline Active Grey Melange Joggers,track-pants,"Proline Active Grey Melange Joggers,  Proline Active, Track Pants, Bottomwear, Apparel, Apparel for Men, Buy Proline Active Grey Melange Joggers Online in India, Buy Track Pants at best price",Cotton rich,"https://assets.myntassets.com/h_1440,q_100,w_1080/v1/assets/images/2403393/2018/1/22/11516622862626-Proline-Active-Grey-Melange-Joggers-2501516622862536-1.jpg",The model (height 6') is wearing a size M, 479,2403393,Myntra,https://www.myntra.com/track-pants/proline-active/proline-active-grey-melange-joggers/2403393/buy
24,Sweet Dreams Men Black Solid Track Pants,track-pants,"Sweet Dreams Men Black Solid Track Pants,  Sweet Dreams, Track Pants, Bottomwear, Apparel, Apparel for Men, Buy Sweet Dreams Men Black Solid Track Pants Online in India, Buy Track Pants at best price",Cotton rich ,"https://assets.myntassets.com/h_1440,q_100,w_1080/v1/assets/images/8069229/2018/12/20/a6f8292e-6076-456e-adc9-09207b08970b1545281691775-Sweet-Dreams-Men-Track-Pants-3671545281690612-1.jpg",The model (height 6') is wearing a size M, 512,8069229,Myntra,https://www.myntra.com/track-pants/sweet-dreams/sweet-dreams-men-black-solid-track-pants/8069229/buy
25,Okane Men Navy Blue & Black Camouflage Print Track Pants,track-pants,"Okane Men Navy Blue & Black Camouflage Print Track Pants,  Okane, Track Pants, Bottomwear, Apparel, Apparel for Men, Buy Okane Men Navy Blue & Black Camouflage Print Track Pants Online in India, Buy Track Pants at best price",Blended,"https://assets.myntassets.com/h_1440,q_100,w_1080/v1/assets/images/7120126/2018/9/8/7e022c46-51cd-4c5c-9d50-2d6e370155271536387679223-Okane-Men-Track-Pants-4921536387679037-1.jpg",The model (height 6') is wearing a size M, 599,7120126,Myntra,https://www.myntra.com/track-pants/okane/okane-men-navy-blue--black-camouflage-print-track-pants/7120126/buy
26,Masculino Latino Navy Blue Solid Track Pants,track-pants,"Masculino Latino Navy Blue Solid Track Pants,  Masculino Latino, Track Pants, Bottomwear, Apparel, Apparel for Men, Buy Masculino Latino Navy Blue Solid Track Pants Online in India, Buy Track Pants at best price",,"https://assets.myntassets.com/h_1440,q_100,w_1080/v1/assets/images/2343089/2017/12/15/11513330388625-a-2311513330388472-1.jpg",, 579,2343089,Myntra,https://www.myntra.com/track-pants/masculino-latino/masculino-latino-navy-blue-solid-track-pants/2343089/buy
27,GULLY Men Grey Melange Slim Fit Joggers,track-pants,"GULLY Men Grey Melange Slim Fit Joggers,  GULLY, Track Pants, Bottomwear, Apparel, Apparel for Men, Buy GULLY Men Grey Melange Slim Fit Joggers Online in India, Buy Track Pants at best price","65% cotton, 35% polyester","https://assets.myntassets.com/h_1440,q_100,w_1080/v1/assets/images/5660649/2018/8/16/433f714a-997d-49c5-bd78-910e3fd2ad841534418086951-GULLY-Men-Grey-Melange-Slim-Fit-Joggers-5231534418086674-1.jpg","The model (height 6"") is wearing a size M", 559,5660649,Myntra,https://www.myntra.com/track-pants/gully/gully-men-grey-melange-slim-fit-joggers/5660649/buy
28,Fort Collins Maroon Track Pants,track-pants,"Fort Collins Maroon Track Pants,  Fort Collins, Track Pants, Bottomwear, Apparel, Apparel for Men, Buy Fort Collins Maroon Track Pants Online in India, Buy Track Pants at best price",Cotton ,"https://assets.myntassets.com/h_1440,q_100,w_1080/v1/assets/images/2037569/2017/9/4/11504509187531-Fort-Collins-Men-Track-Pants-3551504509187338-1.jpg",Mid-rise , 481,2037569,Myntra,https://www.myntra.com/track-pants/fort-collins/fort-collins-maroon-track-pants/2037569/buy
29,OVS Men Beige Printed Regular Fit Shorts,track-pants,"OVS Men Beige Printed Regular Fit Shorts,  OVS, Shorts, Bottomwear, Apparel, Apparel for Men, Buy OVS Men Beige Printed Regular Fit Shorts Online in India, Buy Shorts at best price",Cotton,"https://assets.myntassets.com/h_1440,q_100,w_1080/v1/assets/images/6574709/2018/6/8/1df48d67-7f6e-41d1-a717-b627e3d89be21528457189605-OVS-Men-Shorts-6421528457189461-1.jpg",Regular Fit, 1049,6574709,Myntra,https://www.myntra.com/shorts/ovs/ovs-men-beige-printed-regular-fit-shorts/6574709/buy
30,Puma Men Black Solid Regular Fit Sports Shorts,track-pants,"Puma Men Black Solid Regular Fit Sports Shorts,  Puma, Shorts, Bottomwear, Apparel, Apparel for Men, Buy Puma Men Black Solid Regular Fit Sports Shorts Online in India, Buy Shorts at best price",Polyester ,"https://assets.myntassets.com/h_1440,q_100,w_1080/v1/assets/images/1977540/2017/6/22/11498129827124-Puma-Men-Shorts-241498129826887-1.jpg",Regular fit , 999,1977540,Myntra,https://www.myntra.com/shorts/puma/puma-men-black-solid-regular-fit-sports-shorts/1977540/buy
31,Hubberholme Men Grey Melange Solid Slim Fit Joggers,track-pants,"Hubberholme Men Grey Melange Solid Slim Fit Joggers,  Hubberholme, Track Pants, Bottomwear, Apparel, Apparel for Men, Buy Hubberholme Men Grey Melange Solid Slim Fit Joggers Online in India, Buy Track Pants at best price","52% cotton, 48% polyester","https://assets.myntassets.com/h_1440,q_100,w_1080/v1/assets/images/7408849/2018/9/25/f160b9a0-a600-4147-a687-20f232f5a6631537873687910-Hubberholme-Men-Grey-Melange-Solid-Slim-Fit-Joggers-6271537873687756-1.jpg",The model (height 6') is wearing a size M, 499,7408849,Myntra,https://www.myntra.com/track-pants/hubberholme/hubberholme-men-grey-melange-solid-slim-fit-joggers/7408849/buy
32,beevee Men Brown Printed Regular Shorts,track-pants,"Beevee Men Brown Printed Regular Shorts,  Beevee, Shorts, Bottomwear, Apparel, Apparel for Men, Buy Beevee Men Brown Printed Regular Shorts Online in India, Buy Shorts at best price",Cotton,"https://assets.myntassets.com/h_1440,q_100,w_1080/v1/assets/images/6685756/2018/6/22/492b5e1b-cde2-4e04-8eb0-746d7f879e891529651299348-beevee-Men-Shorts-3501529651298004-1.jpg",Regular Fit, 1049,6685756,Myntra,https://www.myntra.com/shorts/beevee/beevee-men-brown-printed-regular-shorts/6685756/buy
33,Breakbounce Men Beige Printed Slim Fit Chino Shorts,track-pants,"Breakbounce Men Beige Printed Slim Fit Chino Shorts,  Breakbounce, Shorts, Bottomwear, Apparel, Apparel for Men, Buy Breakbounce Men Beige Printed Slim Fit Chino Shorts Online in India, Buy Shorts at best price",100% cotton,"https://assets.myntassets.com/h_1440,q_100,w_1080/v1/assets/images/7289499/2018/9/6/2df47a1b-9250-4754-afba-7330276fa34c1536223892506-SR2038-Beige-Mid-Rise-Printed-Chino-Shorts-7851536223892314-1.jpg",Slim Fit, 1199,7289499,Myntra,https://www.myntra.com/shorts/breakbounce/breakbounce-men-beige-printed-slim-fit-chino-shorts/7289499/buy
34,Fort Collins Men Black Self Design Regular Fit Sports Shorts,track-pants,"Fort Collins Men Black Self Design Regular Fit Sports Shorts,  Fort Collins, Shorts, Bottomwear, Apparel, Apparel for Men, Buy Fort Collins Men Black Self Design Regular Fit Sports Shorts Online in India, Buy Shorts at best price",Cotton ,"https://assets.myntassets.com/h_1440,q_100,w_1080/v1/assets/images/2480058/2018/10/24/3f3501b2-c0ff-4697-85a6-84c3f5b898371540377334950-Fort-Collins-Men-Black-Self-Design-Regular-Fit-Sports-Shorts-5251540377334784-1.jpg",Regular Fit , 390,2480058,Myntra,https://www.myntra.com/shorts/fort-collins/fort-collins-men-black-self-design-regular-fit-sports-shorts/2480058/buy
35,ADIDAS Men White Real Madrid Home Football Shorts,track-pants,"ADIDAS Men White Real Madrid Home Football Shorts,  ADIDAS, Shorts, Bottomwear, Apparel, Apparel for Men, Buy ADIDAS Men White Real Madrid Home Football Shorts Online in India, Buy Shorts at best price",100% recycled polyester,"https://assets.myntassets.com/h_1440,q_100,w_1080/v1/assets/images/7010841/2018/8/20/ab8178df-805e-4c8b-8eaa-29bc29d2e3081534742892223-Adidas-REAL-H-SHO-Men-9291534742892031-1.jpg",Regular Fit, 2799,7010841,Myntra,https://www.myntra.com/shorts/adidas/adidas-men-white-real-madrid-home-football-shorts/7010841/buy
36,U.S. Polo Assn. Khaki Slim Fit Chino Shorts,track-pants,"U.S. Polo Assn. Khaki Slim Fit Chino Shorts,  U.S. Polo Assn., Shorts, Bottomwear, Apparel, Apparel for Men, Buy U.S. Polo Assn. Khaki Slim Fit Chino Shorts Online in India, Buy Shorts at best price",100% cotton ,"https://assets.myntassets.com/h_1440,q_100,w_1080/v1/assets/images/1807603/2017/3/28/11490682887150-US-Polo-Assn-Men-Olive-Solid-Slim-Fit-Chino-5111490682886927-1.jpg",Slim fit , 989,1807603,Myntra,https://www.myntra.com/shorts/us-polo-assn/us-polo-assn-khaki-slim-fit-chino-shorts/1807603/buy
37,ADIDAS Men Grey Melange Win Stay Self-Design Sports Shorts,track-pants,"ADIDAS Men Grey Melange Win Stay Self Design Sports Shorts,  ADIDAS, Shorts, Bottomwear, Apparel, Apparel for Men, Buy ADIDAS Men Grey Melange Win Stay Self Design Sports Shorts Online in India, Buy Shorts at best price","78% cotton, 22% polyester ","https://assets.myntassets.com/h_1440,q_100,w_1080/v1/assets/images/1924262/2017/5/31/11496227442153-Adidas-Men-Grey-Melange-Solid-Regular-Fit-Sports-Shorts-8331496227441896-1.jpg","The model (height 5'8"") is wearing a size 30", 1124,1924262,Myntra,https://www.myntra.com/shorts/adidas/adidas-men-grey-melange-win-stay-self-design-sports-shorts/1924262/buy
38,Sports52 wear Men Black Solid Regular Fit Cargo Shorts,track-pants,"Sports52 Wear Men Black Solid Regular Fit Cargo Shorts,  Sports52 Wear, Shorts, Bottomwear, Apparel, Apparel for Men, Buy Sports52 Wear Men Black Solid Regular Fit Cargo Shorts Online in India, Buy Shorts at best price",Cotton,"https://assets.myntassets.com/h_1440,q_100,w_1080/v1/assets/images/2367660/2018/1/24/11516783575533-Sports52-wear-Men-Black-Solid-Regular-Fit-Cargo-Shorts-991516783575404-1.jpg",Regular fit, 897,2367660,Myntra,https://www.myntra.com/shorts/sports52-wear/sports52-wear-men-black-solid-regular-fit-cargo-shorts/2367660/buy
39,Masculino Latino Men Blue Solid Joggers,track-pants,"Masculino Latino Men Blue Solid Joggers,  Masculino Latino, Track Pants, Bottomwear, Apparel, Apparel for Men, Buy Masculino Latino Men Blue Solid Joggers Online in India, Buy Track Pants at best price",Cotton,"https://assets.myntassets.com/h_1440,q_100,w_1080/v1/assets/images/6583897/2018/5/30/85087421-4e80-41df-9f1e-947712ce8baf1527661477107-na-9991527661476933-1.jpg",The model (height 6') is wearing a size M, 579,6583897,Myntra,https://www.myntra.com/track-pants/masculino-latino/masculino-latino-men-blue-solid-joggers/6583897/buy
40,Allocate Charcoal Grey Smart Fit Track Pants,track-pants,"Allocate Charcoal Grey Smart Fit Track Pants,  Allocate, Track Pants, Bottomwear, Apparel, Apparel for Men, Buy Allocate Charcoal Grey Smart Fit Track Pants Online in India, Buy Track Pants at best price","52% cotton, 48% polyester","https://assets.myntassets.com/h_1440,q_100,w_1080/v1/assets/images/1882305/2017/5/3/11493812724610-Allocate-Men-Track-Pants-2161493812724436-1.jpg",Smart fit, 540,1882305,Myntra,https://www.myntra.com/track-pants/allocate/allocate-charcoal-grey-smart-fit-track-pants/1882305/buy
41,Hubberholme Men Navy Blue Solid Joggers,track-pants,"Hubberholme Men Navy Blue Solid Joggers,  Hubberholme, Track Pants, Bottomwear, Apparel, Apparel for Men, Buy Hubberholme Men Navy Blue Solid Joggers Online in India, Buy Track Pants at best price","52% cotton, 48% polyester","https://assets.myntassets.com/h_1440,q_100,w_1080/v1/assets/images/7408850/2018/9/24/d2b09ea1-eff4-4b45-850d-bef9fd1951c51537786658484-Hubberholme-Men-Track-Pants-8531537786658343-1.jpg",The model (height 6') is wearing a size M, 499,7408850,Myntra,https://www.myntra.com/track-pants/hubberholme/hubberholme-men-navy-blue-solid-joggers/7408850/buy
42,Crocodile Men Grey Slim Fit Solid Track Pants,track-pants,"Crocodile Men Grey Slim Fit Solid Track Pants,  Crocodile, Track Pants, Bottomwear, Apparel, Apparel for Men, Buy Crocodile Men Grey Slim Fit Solid Track Pants Online in India, Buy Track Pants at best price",Cotton,"https://assets.myntassets.com/h_1440,q_100,w_1080/v1/assets/images/productimage/2018/11/30/c3337575-686a-4cbc-8f28-f12e8e1438341543538164188-1.jpg",Slim-fit, 519,8056627,Myntra,https://www.myntra.com/track-pants/crocodile/crocodile-men-grey-slim-fit-solid-track-pants/8056627/buy
43,HRX by Hrithik Roshan Active Men Black Cycling Shorts,track-pants,"HRX By Hrithik Roshan Active Men Black Cycling Shorts,  HRX By Hrithik Roshan, Shorts, Bottomwear, Apparel, Apparel for Men, Buy HRX By Hrithik Roshan Active Men Black Cycling Shorts Online in India, Buy Shorts at best price","80% nylon, 20% elastane","https://assets.myntassets.com/h_1440,q_100,w_1080/v1/assets/images/4453205/2018/8/23/cd268ff4-7873-4046-85a2-18e85e1ef8e61535015310046-HRX-by-Hrithik-Roshan-Active-Men-Black--Fluorescent-Green-Cy-1.jpg",The model (height 6') is wearing a size 30, 799,4453205,Myntra,https://www.myntra.com/shorts/hrx-by-hrithik-roshan/hrx-by-hrithik-roshan-active-men-black-cycling-shorts/4453205/buy
44,Allocate Black Smart Fit Track Pants,track-pants,"Allocate Black Smart Fit Track Pants,  Allocate, Track Pants, Bottomwear, Apparel, Apparel for Men, Buy Allocate Black Smart Fit Track Pants Online in India, Buy Track Pants at best price","85% cotton, 15% polyester","https://assets.myntassets.com/h_1440,q_100,w_1080/v1/assets/images/1882336/2017/5/4/11493875818378-Allocate-Men-Track-Pants-3681493875818063-1.jpg",Smart fit, 591,1882336,Myntra,https://www.myntra.com/track-pants/allocate/allocate-black-smart-fit-track-pants/1882336/buy
45,Nike Men Grey & Black Printed LEBRON ELITE SHORT Sports Shorts,track-pants,"Nike Men Grey & Black Printed LEBRON ELITE SHORT Sports Shorts,  Nike, Shorts, Bottomwear, Apparel, Apparel for Men, Buy Nike Men Grey & Black Printed LEBRON ELITE SHORT Sports Shorts Online in India, Buy Shorts at best price",100% polyester,"https://assets.myntassets.com/h_1440,q_100,w_1080/v1/assets/images/7616720/2018/10/26/db728301-92c6-490d-9b08-443c54751a5e1540557995639-Nike-Men-Grey--Black-Printed-LEBRON-ELITE-SHORT-Sports-Shorts-681540557995541-1.jpg",The model (height 6') is wearing a size M, 2795,7616720,Myntra,https://www.myntra.com/shorts/nike/nike-men-grey--black-printed-lebron-elite-short-sports-shorts/7616720/buy
46,Sports52 wear Men Blue Solid Regular Fit Sports Shorts,track-pants,"Sports52 Wear Men Blue Solid Regular Fit Sports Shorts,  Sports52 Wear, Shorts, Bottomwear, Apparel, Apparel for Men, Buy Sports52 Wear Men Blue Solid Regular Fit Sports Shorts Online in India, Buy Shorts at best price",Polyester,"https://assets.myntassets.com/h_1440,q_100,w_1080/v1/assets/images/6405939/2018/5/30/f25f4b5f-32cc-4078-b298-d0231f1f2c571527662691677-Sports52-wear-Men-Shorts-1871527662689841-1.jpg",Regular Fit, 358,6405939,Myntra,https://www.myntra.com/shorts/sports52-wear/sports52-wear-men-blue-solid-regular-fit-sports-shorts/6405939/buy
47,Masculino Latino Men Grey Melange Solid Slim-Fit Track Pants,track-pants,"Masculino Latino Men Grey Melange Solid Slim Fit Track Pants,  Masculino Latino, Track Pants, Bottomwear, Apparel, Apparel for Men, Buy Masculino Latino Men Grey Melange Solid Slim Fit Track Pants Online in India, Buy Track Pants at best price",,"https://assets.myntassets.com/h_1440,q_100,w_1080/v1/assets/images/productimage/2019/1/5/60f0a958-1a39-4828-a3d6-a2a395aaf2281546681632975-1.jpg",, 499,8413469,Myntra,https://www.myntra.com/track-pants/masculino-latino/masculino-latino-men-grey-melange-solid-slim-fit-track-pants/8413469/buy
